NOT LISTED
101 W Ventura Dr.-CASS04
3B Supply-3BSU01
3M
A Finkl & Sons Co.-AFIN01
A&C Sawdust, LLC-ACSA01
AAA Sales & Engineering-AAAS01
ABB
ABB Inc. New Berlin-LV Drives-ABBI01
ABC Box Company-ABCB01
Abel LLC-ABEM01
AC Equipment Services Corp-ACEQ01
ACCES INFORMATION MANAGEMENT-ACCI02
Acco Brands USA, LLC-ACCB01
Ace Iron & Steel Corp. DNS-ACEI01
ACME
ACS Group-ACSG01
Advance Screw Products DNS-ADVS01
Advanced Centrifugals, Ltd.-ADVC01
ADVANCED THERMAL HYDRONICS-ADVT02
AEP BIERS RUN LAYDOWN YARD-AEPO01
Aerator Solutions-AERS01
Aero Industries LLC-AERI01
AGCO
AGCO-HESSTON
AGY-SARA01
AIRPRO FAN & BLOWER CO.-AIRF01
ALCOA
Alkar-Rapidpak, Inc.-ALKR01
Allegis Corp-ALLC01
Alliance Laundry Systems LLC-ALLL01
ALLIANT ENERGY-ALLE01
ALLIED TUBE AND CONDUIT CORP.-TECT01
Allis Roller LLC-ALLR01
Alloy Products Corp.-ALLP01
All-State Industries, Inc-ALLI01
Alpine Plywood Corp.-ALPP02
ALTO SHAAM-ALTS01
ALUMINUM COIL ANODIZING CORP-ALUC01
Amerequip Plant 3-AMEC01
American Friction Welding-AMEF01
AMERICAN IRON & ALLOYS-AMEI02
American Roller-AMER03
AMERISOURCE COMPANIES-AMEC04
AMMO Inc-JAGM01
Anchor Tech LLC-ANCT01
Anderson Process-ANDP01
ANDRES GARCIA-CASS06
ANGUS-PALM
Anixter-ANIX01
Antigo Block Co.-ANTB01
ANTIGO ZEON-ANTN01
APEX TOOL GROUP, LLC-APET01
API-General Thermodynamics-GENT01
API-Thermal Transfer Div.-THET02
APL Logistics -APLL01
Applied Ecological Svcs, Inc-APPE01
APPLIED TECHNOLOGY MFG-DNS-APPT01
APR ALLEN PLASTICS REPAIR INC-ORBC01
APS Resource-APSR01
AQUA-AEROBIC SYSTEMS, INC.-AQUA01
ARBORGEN-ARBO01
Argon Industries-ARGI01
Armbrust Paper Tubes, Inc.-ARMP01
Arntzen Corporation (70)-ARNC01
Arow Global-AROG01
ARROWHEAD
ASHLEY FURNITURE-ASHF01
ASI Technologies-ASIT01
Associate Engineering Corp-ASSE01
ASSOCIATED METALCAST, INC.-ASSM01
Associated Pile and Fitting-ASSP01
ASTEN
ATACO Steel Products Corp-ATAS01
ATI Forged Prod-Portland Ops -ATIF01
ATI Ladish LLC (Coon Valley)-ATIL01
ATLANTIC TRACK-RIVERWORKS-ATLT01
AURUBIS BUFFALO, INC-AURB01
Autoquip, Inc-AUTI01
Avid Supply (Lake Forest)-AVIS01
AXIS Automation LLC-AXIA01
B & B Metals Processing Co Inc-BBME01
B&B OIL FIELD SERVICES LLC-BBOI01
BA Machining-BADA01
Badger Color Concentrates, Inc-BADC01
Badger Meter, Inc. (Milw) (70)-BADM01
BakerRullman-BAKR01
Balzer, Inc-BALZ01
Bane Nelson Inc-BANN01
BANNER INDUSTRIES-BANS01
Banner Welding Inc-BANW01
BARNES AEROSPACE-ELGU01
Basic Metals-BASM01
BAXTER
BCI Burke Company LLC-BCIB01
Belle Tool Specialty-BELT01
Beloit Special Mchng Co, Inc-BELS01
BEM Mold Inc-BEMM01
Berlon Industries-BERI02
BESSER SIOUX CITY (MCCRACKEN)-BESS01
Bevco Engineering Company inc-BEVE01
Beyond Vision-BEYV01
Beyond Vision-TIMM01
Birchfield Nurseries Inc-BIRN01
BLANKING SYSTEM, INC.-BLAS01
Blast Craft Services-BLAC01
Bliffert Lumber ( Cudahy)-BLIL04
Blower Application-BLOA01
BLUESCOPE BUILDING NORTH AMERI-BLUB04
BLUESCOPE BUILDINGS-BLUB01
BMG dba JANUS ELEVATOR-BUSM01
Bob Braun Excavating, LLC-BOBB01
Bob Braun Excavating-CASS03
BOEING
Border State Industries DNS-BORS01
BOXMAKER
Bradley Corporation-BRAC01
Brady USA, Inc (Camden Rd)-BRAU01
Branko Perforating-BRAP01
BRAUN MANUFACTURING-BRAM01
Bridon Bekaert Wire Rope Group-BRIB02
BROOKFIELD FABRICATING CORP-BROF01
Brown Tank-BROT02
BrownCampbell Company-BROC01
Brown-Wilbert, Inc-BROW01
Bruder's Custom Pallets LLC-BRUC01
BRUSCHI USA INC-HUFN01
BSI
BUCK COMPANY-BUCC01
Buehler LTD.-BUEL01
BUGZ LAWNCARE & PROPERTY MAINT-BUGL01
BULLDOG SERVICES-BULS01
BURNDY LLC-BURL01
BURNDY LLC-HUBP01
BUSHINGS, INC-DNS -BUSI01
Busse/ SJI Corporation-BUSS01
BW PAPER-NEW BERLIN (40)-BWPA01
BW Papersytems (40)-NORA02
C & R Brokers, LLC-CRBR01
CACTUS WELLHEAD-CACW01
Cain Industries, Inc-CAII01
Caleffi North America Inc-CALN01
CAMERON-CAME01
CAMSO MANUFACTURING
CANTON DROP FORGE-CAND01
CARLSON
Carter Hoffmann LLC-CARH01
Cascade Cheese-CASC01
CASH SALES-DYER -CASS10
CASTLE METALS
CATERPILLAR
CATERPILLAR INC.-CATI01
CATERPILLAR INC.-FCAI02
CAT-I GLASS COMPANY-CATG01
Cecor Incorporated-CECI01
Central Sawdust Wisconsin LLC-CENS02
Central States Mfg-CENS03
Central Wisconsin Quality Mach-CASS08
CENTRO
CertainTeed Gypsum & Ceilings-CERG01
CertainTeed LLC-CERC01
CFR Manufacturing, Inc-CFRM01
CHARLESTON WATE-CHAW02
Charter Mfg-CHAM01
Cher-Make Sausage Company-CHES01
CHR Hansen Inc-CHRH01
Christensen Mills, Inc-CHRM01
CLAAS
CLASS
CNH
CNH INDUSTRIAL AMERICA LLC-CNHI02
Cogmatic Machines, Inc.-COGM01
COLE MANUFACTURING CORP.-COLM02
Construction Forms-CONF01
CONTECH (S)-CONT03
Cook Logistics-TIMW01
COOPER POWER SYSTEMS, LLC-COOP02
Cooper Power Systems-COOP01
CORE AND MAIN LP-CORM02
Corrim Company-CORC01
Corrugated Metals, Inc-CORM01
CORTEC LLC-CORL01
County Materials Corp-COUM01
County Ready Mix Corp.-COUR01
CPI Daylighting, Inc-CPID01
CPW Engineering/Manufacturing-CPWE01
CR Industries-CRIN01
CREATIVE METAL PRODUCTS-TCIL01
CRENLO ENGINEERED CABS
Crescent Woolen Mills-CREW01
CROWN BOILER-CROB01
CRYSTAL EXTRUDED ALUMINUM-GREF03
CRYSTAL FINISHING SYSTEMS DNS-GAGE01
CRYSTAL FINISHING SYSTEMS INC-CRYF01
CTOS-FONTANA, CA-NESC01
Culligan International-CULL01
CUMMINS
CUMMINS SALES AND SERVICE-FCAI01
D & H Industries-DHIN01
D&D Products Inc-DDPI01
D&K RENTALS OF LOUISIANA LLC-DKRE01
D&S Machine Service, Inc-DSMA01
D/C EXPORT & DOMESTIC PACKING-DCEX01
DAIFUKU AMERICA CORP.-DAIA01
Dalmaray Concrete Products Inc-DALC01
DE NORA TECH-DENO01
DEFIANCE STAMPING-DEFS01
Dehumidifier Of America-DEHA01
Dejnos Inc.-DEJN01
Delta T Systems, Inc.-DELT01
Denco Manufacturing-DENM01
Desert Aire Co.-DESA01
DHL
DHL Supply Chain-DHLS01
Dielectric Manufacturing, Inc-DIEM01
Dings Magnetic-DINM01
Domtar LLC-DOMT01
DOMTAR PAPER CO., LLC-DOMP01
Dorner Mfg.-DORM01
DOUGLAS DYNAMICS-MDX-WESP02
DOWNEY METAL PROD-DOWM01
DOWNING WELLHEAD-DOWW01
Drive Products USA Inc-DRIP01
Duo-Safety Ladder Corporation-DUOS01
DUQUESNE LIGHT-DUQL01
Durr Systems, Inc-MEGS01
Dutchland Plastics LLC-DUTP01
Dynatect-DYNA01
E.A.B. FABRICATION, INC.-EABF01
EAB-FCA-EABF10
EASTMAN CROWN INTERNATIONAL-EASC01
Ecology Technology-ECOT01
Eder Flag Mfg Co Inc-EDEF01
ELBIT SYSTEM LAND LTD-DSVA01
Electro Power LLC-ELEP01
ELECTROMOTIVE
Electronic Theatre Control Inc-ELET01
ELEET CRYOGENICS, INC.-ELEC01
Elite Manufacturing Tech-ELIM01
ELITE WELLHEAD SOLUTIONS-ELIW01
ELLIS STEEL CO., INC.-ELLS01
Elwood Corporation-ELWC01
Enclosures Industries LLC-ENCI01
ENCORE WELLHEAD SYSTEMS-ENCW01
Endries Inc-ENDI01
Enercon Industries-ENEI01
Ener-Con, Inc-ENEI02
Energizer, LLC (F)-SPEB03
Energizer, LLC-SPEB02
Enerpac-ENER01
Engineered Exhaust Systems Inc-ENGE01
Engineered Pump Services Inc-ENGP01
EPIROC DRILLING TOOLS LLC-EPID01
Erect-A-Tube, Inc-EREC01
ERMCO-ERMC01
Essential Industries-ESSE01
Everbrite (70)-EVER01
Everbrite, LLC-EVEL01
Evoqua Water Technologie *DNS*-EVOW01
EXCEL INDUSTRIES
EXPONENTIAL POWER INC.-EXPP01
Extrutech Plastics Inc-EXTP01
F Barkow Inc-FBAR01
Falls Mfg, Inc-FALM01
FAS TRAC INTERNATIONAL, LLC-FAST01
Fast Manufacturing-FASM01
FASTENAL COMPANY-FASC01
Faustel Inc.-FAUI01
Federal Industries-FEDI01
Federal Tool & Eng., LLC-FEDT01
FELSS ROTAFORM, LLC-FELR01
FGW
Fiberesin Ind-FIBI01
Fick Trucking-FICT01
Filtration Systems, Inc-FILS01
FISHER BARTON BLADES-FISB02
FISHER BARTON-FISB01
Fitbench, WHQ-FITL01
FIVES LANDIS CORP-FIVL01
Fleetwood-Signode -FLES01
FLEXTRONICS
Fond Du Lac Stone Inc-FOND01
FORD METER BOX CO, INC.-FORM01
Foremost Bldg Inc-FORB01
Formrite Companies Inc-FORC01
FORTRESS FLOORS-FORF02
FPZ, Inc-FPZI01
FULLV
G & D INTERNATIONAL
Gallenberg Farms, Inc .-GALF01
GE GRID SOLUTIONS ITR WH-GEGS01
GEHC CT MANUFACTURING-VERI01
GENERAL ELECTRIC
Gilman USA, LLC-GILU01
GKN
GLOBAL POINTE, INC.-WESB01
Global Power Components-GLOP01
GLORY GLOBAL SOLUTIONS-MFG.-MIDP01
GMI Solutions-GMIS01
GMR TECHNOLOGY INC-GMRT01
Goetschs Welding & Machine Inc-GOEW02
Goex Corporation-GOEC01
GOLDMAN TITANIUM-GOLT01
Golner Precision Products Inc-GOLP01
GRASSHOPPER
Great Northern Corp. (A-1)-GREN01
GREAT NORTHERN LAMINATIONS-GREN02
Grede Foundries Inc-GREF01
Grede LLC (Menomonee Falls)-GRED01
Green Pak LLC-GREP01
Gregor Jonsson inc-GREJ01
GRENADA OEM-MODG01
Grob Inc.-GROI01
GROMMES MILLWORK INC.-GROM01
GROUP O
Grovhac ,Inc.-GROI02
Grunau Company Inc-GRUC01
HAAS
HADADY
Hader Industries-HADI02
Hader-Seitz Inc.-HADI01
Halquist Stone Co. Inc.-HALS01
Hampel Corp.-HAMC01
Handle It-HANI01
Hanna Cylinders LLC-HANC01
HARCO-LYB-HARL01
Harrington Corp-HARC01
Hartford Finishing-HARF03
Harvard Products / A-OK Inc.-HARP02
HAYES TRACK-WESC02
HEARTHSTONE HOME HEATING PROD.-HEAS01
Helgesen Industries, Inc-HELI01
HERAEUA ELECTRO-NITE HARTLAND-HERE01
Heresite Protective Coatings-HERP01
HEXAGON
HGR Industrial Surplus-HGRI01
Hilmot Corporation-HILC01
HOLLAND COMPANY-HOLC01
HONDA
HOOPER CORPORATION-HOOC01
HOPPE North America Inc-HOPN01
Howard Precision Metals-HOWP01
HTT INC (WAREHOUSE)-HTTI01
HUNGERFORD & TERRY-HUNT01
Husqvarna Const Products-HUSC01
Huth Mfg Co.-HUTI01
HYDAC
Hydrite Chemical Co-HYDR01
ILLING COMPANY INC.-ILLC01
IMS Engineered Products-IMSE01
Ind Motion Ctrl-Destaco-INDM01
Industrial Combustion, LLC-INDC02
Industrial Electric Wire DNS-INDE01
Industrial Enclosure Corp-INDE03
INGERSOL RAND
Ingersoll Machine Tools-INGM01
Ingeteam Inc-INGI01
INNIO (APL LOGISTICS)-DREW01
Innovative Industries-INNI01
Innovative Machine Spec-INNM01
Inpro Corporation (East Dock)-INPC01
Inquipco-INQU01
INSINKERATOR-INSE01
INSTEEL WIRE PRODUCTS-INSW01
Integrated Process Engineers &-INTP04
Intenational Pack & Crating-INTP01
Iowa Mold Tooling-IOWM01
IP Moulding, Inc-IPMU01
Ironclad Power Systems, LLC-IROP01
IRONFORM (DETROIT TOOL)-WACN02
ISCHEBECK USA, INC.-ISCU01
Iseli Company-ISEC01
J Pallets LLC-JPAL01
JACK DOHENY COMPANY-JACD01
Jack Walters & Sons Corp-WALB01
Jagemann Stamping Company-JAGS01
Jarp Industries Inc-JARI01
JINKO SOLAR
JLG INDUSTRIES-OSHD02
JM Grimstad Inc-JMGR01
JOHN DEERE
JOHNS MANVILLE-JOHM01
Johnson Hlth Tech NorthAmerica-JOHH01
Johnson's Nursery Inc-JOHN02
Jones Signs Co, inc-JONS01
Jor Mac-KOHC01
Jorgensen Conveyor Inc-JORC02
Joseph T Ryerson & Son Inc.-JOSR01
Joy Global Mining-JOYG01
Kauer Farms-KAUF01
KELLEY MANUFACTURING CO.-KELM01
Kenrich Industrial-KENI01
KENWORTH
KI-MANITOWOC / SPACESAVER CORP-SPAC01
KING JUICE COMPANY, INC.-KINJ01
KINGSPAN LIGHT & AIR-MAJI01
Klemko, LLC-KLEL01
Kocsis Bros. Machine Co.-KOCB01
KOMATSU
Kondex Corporation-KONC01
KONE
KOPPERS, INC-KOPI01
KRESS
Kretz Lumber Co., Inc.-KREL01
Krones, Inc-KROI01
Krueger Bearings, Inc.-KRUB01
KSM Industries-KSMI01
Kubin-Nicholson Corp.-KUBC01
Kuhn North America, Inc-KUHN01
Kusel Equipment-KUSE01
L & S ELECTRIC-LSEL01
Laacke & Joys Company-LAAJ01
Lakeland Landscape-LAKL01
LAMPLIGHT FARMS-LAMF01
Landsberg Orora-LANO01
LAPP INSULATOR LLC-LAPI01
LB Steel LLC-LBSL01
LDS & S, INC.-LDSS01
Lift Products Inc-LIFP01
Lippmann Inc (30)-LIPI01
LMI Manufacturing, Inc. DNS-LMIM01
Logemann Brothers Company-LOGB01
LOLLIS METALS INC-LOLM01
Louisiana Pacific CorpHEAT IND-LOUP01
LUDELL MANUFACTURING-LUDM01
Lurie Panels-LURP01
LUVATA Appleton-LUVA01
LUVATA-DREP01
MAC Automation Concepts-MACA01
MACK MFG-MACM02
MACLEAN POWER SYSTEMS-MACP01
Macron Dynamics Inc-MACD01
Magnetek (Brighton, MI)-MAGE01
Manitowoc Cranes Inc.-MANC01
Manitowoc Grey Iron Foundry-MANG01
Manitowoc Relay & Protectors-MANR01
Manitowoc Tool & Machining,LLC-MANT01
Manowske Welding Corp-MANW01
Marlo Inc.-MARI01
Marshfield DoorSystems, Inc.-MARD01
Marvel Manufacturing Co., Inc.-MARM01
MATCO
Mathes Landscaping Service-MATL02
Mathews Company (90)-MATC01
Mathison Manufacturing DNS-MATM01
Maynard Steel (85)-MAYS01
MAYVILLE
MBT Processing, LLC-RENS01
MBW INC-MBWI01
MBW-SAMP02
McNAUGHTON-McKAY ELECTRIC CO.-MCNM01
MECUM AUTO-CASS02
Messer Cutting Systems, Inc.-MESC01
METAL ERA, LLC-METE01
METALCRAFT BD-METO01
MetalTek International-METI05
Metro Welding & Fabricating In-METW01
MEYER-WELLS
Michels Corp -MICC01
MIDSTATE
MIDWEST GROUND COVERS-MIDG01
MILWAUKEE BEARING-MILB01
Milwaukee Cylinder(85)-MILC04
MISSION SOLAR
MISSISSIPPI POLYMERS
MITSUBISHI LOGISNEXT (70) (C)-UNIA02
Mixer Systems, Inc.-MIXS01
Mod Tech Industries-MODT01
MODERN FORGE INDIANA, LLC-MODF01
MOLDED RUBBER & PLASTIC CORP.-MOLR01
Monroe Truck Equipment-MONT01
Monterey, Inc.-MONI01
Morris Material Handling-MORM04
MORRIS MATERIAL-MORM05
MOTION INDUSTRIES INC-MOTI01
MP Metal Products, Inc-MPME01
MPE Inc-MPEI01
Multi-Conveyor LLC-MULC01
Nabco Entrances Inc.-NABE01
NASSCO INC-NASI01
NAVICO GROUP AMERICAS LLC-POWP02
Nelson Container Corp.-NELC01
NEOVIA
Nercon Engr & Mfg Inc(30)-NERE01
NNW, INC-NNWI01
Norman Equipment Company-NORE01
Norse Building Products Inc-NORB01
North American Clutch Corp.-NORA01
North American Pipe Corp-NORA04
Northbound Yard Care-NORY01
Northern Iron & Machine-NORI01
Northland Plastics-NORP02
Northland Stainless, Inc.-NORS03
NORTHSHORE
NorthStar Medical Radiosotopes-NORM01
Northview Window & Door LLC-NORW02
Northwest Lab Source LLC-NORL01
NOV PROCESS & FLOW TECHNOL-NOVP01
Novum Structure(Old Orchard)-NOVS01
Nucor Cold Finish Wisconsin-NUCC01
Nutrients, Inc-NUTI01
Oberlin Filter-OBEF01
Ocean Spray Cranberries, Inc-OCES02
Ocean Spray Cranberries, Inc-OCES03
OG&E CENTRAL DISTR. STORES-OGEC01
Oldcastle Building Envelope-OLDB01
Oldcastle Building Envelope-OLDB02
OLIVER H. VAN H-OLIH01
Olsun Electronics Corp-OLSE01
Omaha Steel-OMAS01
Onvoy-ONVO01
Oshkosh Defense(20)-OSHD01
Overseas Hardwoods Company-OVEH01
OWLOGISTICS-OWLO01
P J Murphy Forest Prods Corp-PJMF01
PACCAR
PACCAR WINCH-PACI01
Pack Air Inc-PACA01
PACK LOGIX LLC-PACL02
Packaging Corp of America-PACC02
Packaging Logistics-PACL01
PAN AMERICA ENVIRONMENTAL, INC-PANA01
Paper Machinery Corp.-PAPM01
PARAGON TRUCK
PB HEAT-PBHE01
PCORE ELECTRIC-PCOE01
PD Peterka and Associates, Inc-PDPE01
PENN COMPRESSION MOULDING-PENC01
PERFECT SHUTTERS-PERS01
Perfection Equipment-PERE01
PERFEKTA
PERKINS
Perlick Co (50)-PERC01
Pflow Industries-PFLI01
Pick Heaters, Inc.-PICH01
PILLAR INDUCTION-PILI01
Pillar Technologies-PILT01
PIONEER LUMBER-PIOL01
PIPER PRODUCTS-PIPP01
PLASTICS UNLIMITED
Plymouth Tube Co-PLYT60
PM LOGISTICS-PMLO01
POLARIS
POLYPLY COMPOSITES LLC-POLC02
Power Packer (35)-POWP03
Power Production Inc-POWP01
Power Test, Inc.-POWT01
Power/mation Inc-POWI01
Powerbrace Corporation-POWC01
PPG Industries Inc.-PPGI01
PREMIER ALUMINUM-PREA01
Prent Corporation(65)-PREC01
Prime Time Cellular, Inc-PRIT01
Product Service & Mfg Corp-PROS04
PRODUCTION EQUIPMENT, CO.-PROE05
PROGRESS RAIL
Progressive Converting, Inc-NORP01
Progressive Foundry-PROF02
PROLEC-GE WAUKESHA-SPXT01
Prop Shaft Supply Inc.-PROS02
PROTERRA
PSL
PX TOOL COMPANY-PXTO01
Q Comp Technologies, Inc-QCOT01
QC CONSOLIDATION
Quest Engineering-QUEE01
QUEST INDUSTRIAL-QUEI01
R&B Wagner Inc-RBWA01
R.G. STEEL CORP-RGST01
RADIUS AEROSPACE
Radyne Corporation-RADC01
Raphael Industries-RAPI01
RathGibson Jane(30)NONTAX-RATG01
RCIC
RCS Retail Interiors-RCSR01
Reardon Metal Fabricating, Inc-REAM01
REDAPT
Regal Beloit America Inc-RBCU01
Regal Beloit America Inc-REGA01
Regent Tool and Die-REGT01
RES Manufacturing Company-RESM01
Rexnord Ind. (Falk Corp)(30)-REXI01
Rexnord Ind. (Greenfield Ave)-REXI02
Rheocast Corp.-RHEC01
Richter Industries, Inc.-RICI02
Ringmasters MFG-RINM02
RITE-HITE ENGINEERING-RITH01
River Run Products-RIVR01
Riverside Landscaping-RIVL01
Road Widener, LLC-ROAW01
ROBINSON INC.-ROBI01
Rochester Concrete Products-ROCC01
Rock Energy Systems, LLC-LANP01
Rockford Mfg Group Inc-ROCM02
Rockwell Automation-ROCA01
Rockwell Automation-ROCA03
Royal Corinthian Inc-ROYC01
Russel Metals-RUSM01
Ryan & Sons, Inc.-RYAS01
Ryan Manufacturing Inc-RYAM01
Rytec Corporation-RYTC01
S & C Electric-SCEL02
S N C Mfg Co. Inc.-SNCM01
S&C ELECTRIC CANADA LTD.-SCEL01
SACO AEI POLYMERS-SACA01
Saginaw Control & Engr Inc-SAGC01
Samples-Jim-SAMJ03
Sawbrook Steel Casting LLC-SAWS01
SCHENCK PROCESS LLC-SCHP02
Schneiders-Vetter Glass Co. in-SCHV01
SCHUETTE METALS-SCHM02
Schunk Carbon Technology, LLC-SCHC02
SCHUTT INDUSTRIES INC-SCHI01
Scot Forge Company(70)-SCOF01
Scot Industries (80)-SCOI02
Scot Industries (Muscoda)-SCOI05
SCOT PUMP-SCOP01
Seabee-SEAB01
Seal Analytical, Inc DNS-SEAA01
Sediver USA-SEDU01
Seidel Tanning DNS-SEIT02
Seidl Farms Inc.-SEIF01
Servi-Sure-SERV01
SharkCrates LLC-SHAL01
SHIDELL WOOD PRODUCTS-SHIW01
SHIPSMART
Sico America Inc-SICA01
SIEMENS
SIEMENS ENERGY INC-SIEE01
SIEMENS MEDICAL SOLUTIONS USA-SIEM01
Silgan Containers Mfg Corp-SILC04
Silvan Industries-SILI01
Simplex System Controls, Inc-SIMS01
Skipper Marine Corp.-SKIM01
Sko-Die, Inc.-SKOI01
Smithco-SMIW01
SMYRNA TRUCK & TANK
Snap On Tools Coporation-SNAO01
SNAP-ON
SNO-WAY INTERNATIONAL INC.-SNOW01
SONIC CONNECTORS LTD.-SONC02
Sonoco Products Company-SONC01
SOUTHERN ELECTRICAL EQUIP CO-SOUE01
SOUTHWEST STEEL PROCESSING-SOUS03
Spartech Polycom-SPAP01
SPEEDY METALS, LLC-SPEM01
SPI Lighting Inc-SPIL01
Spincraft-SPIN01
Spindustries, LLC-SPIN02
SPIRAL METALS CORP-SPIM01
SPIRIT
Spuncast Inc.-SPUI01
SPX FLOW US, LLC-SPXF01
SSA
Stahli USA, Inc-STAU01
Standard Process Inc-STAP02
Star Automation-STAA01
Steel Craft Corporation-STEC01
STEEL SPECIALTIES-STES02
Steele Solutions-STES01
Stellar Industries Inc-STEI02
STREAM-LONGVIEW-STRF01
SULZER MACHINE-SULM01
Summers Manufacturing-SUMM02
Super Products LLC-SUPP01
SYNTRON MATERIAL HANDLING, LLC-SYNM01
T & D Machine-TDMA01
Ta Chen International-TACH01
TANIS BRUSH-TANB01
Taylor Company (50)-TAYC01
Taylor Dynamometer Inc-TAYD01
TDC MFG-TDCM01
TECHGLASS
Techmaster Inc-TECH01
Technical Metal Spec, Inc.-TECM02
TECMOSA
TECT AEROSPACE
TENNECO
Terex Services DNS-TERU02
TEXALOY FOUNDRY COMPANY INC-TEXF01
The Brewer Company-BREC01
The Coburn Company, Inc.-THEC01
THE FORD METER COMPANY-FORM02
THE HENRY PERKINS (S)-HENP01
The Howard Co. (Barker Rd.)-THEH01
The Kinetic Co-THEK01
The Laser Shop-THEL01
The Mosaica Group-THEM02
THE PALLET ALLIANCE, INC.-THEA01
THE QUALITY CASTINGS COMPANY-QUAC01
The Royal Group-THER01
The Vollrath Company LLC-THEV01
Thermal Spray Technologies-THES03
Therma-Tron-X, Inc-THEI01
THREADED FASTENERS. INC.-THRF01
THYSSEN-KRUPP
Timber Creek Antigo Branch-TIMA01
Timber Creek Cavour Branch-TIMC02
Timber Creek Dyer Branch-TIMD01
Timber Creek Janesville Branch-TIMJ01
Timber Creek Newton Branch-TIMN01
Timber Creek Resource, LLC-TIMW02
Timber Creek Tonawanda Branch-TIMT02
TIMKEN
TITAN PRODUCTION EQUIPMENT-TITP01
TITAN X
TJ Hale Company (Falls)-TJHA01
TLB Wood Products, LLC-TLBW01
TMX
Tollefsen Steel & Fabrication-TOLS01
TOPSIDER BUILDING SYSTEMS-TOPB01
Toshiba America Energy Systems-TOSI01
TPS
Trace-A-Matic-TRAC01
Trachte Building Systems, Inc-TRAB01
Trade Tech Inc-TRAT01
Traditional Concrete, Inc-TRAC02
Traffic & Parking Ctrl Co, Inc-TRAP01
Tramont Manufacturing LLC (40)-TRAM02
Transpak-TRAN01
TRIANGLE TOOL LLC-TRIT01
Trimen Industries-TRIE01
TRULITE GLASS & ALUMINUM-TRUG01
TRYNEX INTERNATIONAL-WESP03
TUTHILL
Twin Disc-TWID01
TYLER PIPE-TYLP01
Ultra, Inc-ULTI01
Unit Drop Forge-UNID01
United Alloy-UNAL01
UNITED LASER-UNIL01
United Welding & Mfg Co Inc-UNIW01
Universal Metrics LLC-UNIM01
Universal Welding-UNIW02
Unlimited Inc.-UNLI01
Urban Manufacturing, Inc.-URBM01
US Aluminum Inc-USAI01
US POWER SOLUTION INDUSTRIES-USPO01
USC, LLC-USCL01
UW Seed Potato Farm-UWSE01
VALMET INC.-VALI01
VANGUARD
VAULT PRESSURE-VAUP01
Vend Tech International Inc-VENT01
Veritiv
VESTAL MANUFACTURING-VESM01
VIAM MANUFACTURING INC-VIAM01
VICTOR INSULATORS-VICI01
VIKING ELECTRIC-VIKE01
Visa Lighting-VISL01
Voith US Inc-VOIP01
Vortex Sprayliners, Inc.-VORS01
Vulcan Global Mfg Solut, Inc-VULG01
WABTEC
Walker Process-WALP01
WaterSaver Faucet Company-WATF01
Wayland Industries, LLC-WAYI01
WE Energies-WEEN01
Weasler Engineering, Inc-WEAE01
WEIL MCLAIN-WEIM01
Weil Pump Company, Inc.-WEIP01
Weiler Forestry, Inc-WEIF01
Welch Allyn Inc.-WELA01
WELLHEAD AND VALVE SERVICES-WELV01
WESTECH ENGINEERING-WESE01
WHITING CORPORATION-WHIC01
WIELAND ROLLED PRODUCTS-WIER01
Wieland Thermal Solutions, Inc-WIEC01
Wilo Machine-WILM01
WIREBOND-WIRE01
Wisconsin Aluminum Foundry-WISA01
Wisconsin Flameproof-WISF01
Wisconsin Metal Parts, Inc.-WISM01
Wisconsin Potato Coalition-WISP04
WOLFE
WOODS EQUIPMENT COMPANY-WOOE01
Woodway USA Inc-WOOU01
WYMAN GORDON FORGINGS-WYMG01
XALT
Yamada America inc-YAMA01
Yamato Corp-YAMC01
Yaskawa-BG WAREHOUSE-YASE01
Zelazoski Wood Prod., Inc.-ZELW01
Zenar Corp.-ZENC01
ZENITH CUTTER INC-ZENC02
Zenith Tech-ZENT01
ZF GROUP
ZIEGLER BOLT & PARTSCO.-ZIEB01
ZODIAK AEROSPACE